,C,VERY HIGH,,http://www.anthropocenemagazine.org/
Raw Progressive,L,MIXED,,http://www.rawprogressive.com/
The Record (NJ),LC,HIGH,,http://www.northjersey.com/
The Automatic Earth,LC,HIGH,,https://www.theautomaticearth.com/
Al Jazeera,LC,HIGH,,http://www.aljazeera.com/
Lexington Institute,RC,HIGH,,http://lexingtoninstitute.org/
TakePart,L,HIGH,,http://www.takepart.com/
Broken World News,,,S,https://brokenworldnews.com/
Townhall,R,HIGH,,http://townhall.com/
Left Action,L,HIGH,,http://leftaction.com/
Western Journalism,R,MIXED,,http://www.westernjournalism.com/
Intellihub,,LOW,X,https://www.intellihub.com/
Natural Resource Governance Institute,LC,HIGH,,http://www.resourcegovernance.org/
Collective-Evolution,,LOW,X,http://www.collective-evolution.com/
SourceWatch,L,HIGH,,http://www.sourcewatch.org/index.php/SourceWatch
Eagle Tribune,C,HIGH,,http://www.eagletribune.com/
News With Views,,,F,http://www.newswithviews.com/
Harpers,LC,HIGH,,http://harpers.org/
American Enterprise Institute,R,MIXED,,https://www.aei.org/
Albany Times-Union,LC,HIGH,,http://www.timesunion.com/
Now8News,,,S,http://now8news.com/
Frontpage Magazine,,,F,http://www.frontpagemag.com/
Axios,LC,HIGH,,https://www.axios.com/
Crooks and Liars,L,MIXED,,http://crooksandliars.com/
PolicyED.org,RC,HIGH,,https://www.policyed.org/
The Interpreter (Magazine),LC,HIGH,,http://www.interpretermag.com/
St. Cloud Times,C,HIGH,,http://www.sctimes.com/
Political Updater,L,MIXED,,http://politicalupdater.com/
The Middle East in London,C,HIGH,,http://www.soas.ac.uk/lmei/meil/
Illuminati Watcher,,LOW,X,http://illuminatiwatcher.com/
Stillness in the Storm,,LOW,X,https://sitsshow.blogspot.com/
Tampa Bay Times,LC,HIGH,,http://www.tampabay.com/
Detroit Free Press,LC,HIGH,,http://www.freep.com/
Independent Journal Review,R,HIGH,,https://ijr.com/
The Courier-Journal,LC,HIGH,,http://www.courier-journal.com/
Educate-Yourself,,LOW,X,http://educate-yourself.org/
Glamour Magazine,LC,HIGH,,http://www.glamour.com/
The Postillion,,,S,
Fresno Bee,LC,HIGH,,http://www.fresnobee.com/
The Internet Post,,MIXED,X,https://theinternetpost.net/
Big Think,C,VERY HIGH,,http://bigthink.com/
Freedom Crossroads,,,S,http://freedomcrossroads.us/
Scorched Earth News,,,S,http://scorchedearthnews.com/
Harvard Gazette,C,HIGH,,http://news.harvard.edu/gazette/
Life News,R,MIXED,,http://www.lifenews.com/
Lexington Herald Leader,LC,HIGH,,http://www.kentucky.com/
Military Times,RC,HIGH,,http://www.militarytimes.com/
Vanguard America,,,F,https://bloodandsoil.org/
Regulation Magazine,RC,MIXED,,http://www.cato.org/regulation/
NextGov,C,HIGH,,http://www.nextgov.com/
New Statesman,L,HIGH,,http://www.newstatesman.com/
Pro-America News,,,F,http://www.proamericanews.com/
Investors Business Daily,RC,MIXED,,http://www.investors.com/
Daily Buzz Live,,,F,http://dailybuzzlive.com/
Real Clear Politics,RC,HIGH,,http://www.realclearpolitics.com/
Daily Sabah,R,MIXED,,http://www.dailysabah.com/
Progressives Today,,,F,http://www.progressivestoday.com/
(The)Atlantic,LC,HIGH,,https://www.theatlantic.com/
USA Politics Now,,,F,http://usapoliticsnow.com/
The Century Foundation,LC,HIGH,,https://tcf.org/
SHTFplan.com,,,F,http://www.shtfplan.com/
CounterPunch,L,HIGH,,http://www.counterpunch.org/
The Hard Times,,,S,http://thehardtimes.net/
American Web Media (AWM),R,MIXED,,http://awm.com/
The Democratic Hub,L,MIXED,,http://www.democratichub.com/
Daily Mirror,L,MIXED,,http://www.mirror.co.uk/
Hudson Institute,R,HIGH,,http://www.hudson.org/
Blue Vision Post,,,F,http://bluevisionpost.com/
Japan Today,RC,HIGH,,https://www.japantoday.com/
Third Way,C,HIGH,,http://www.thirdway.org/
Center for Security Policy,,MIXED,X,http://www.centerforsecuritypolicy.org/
The Times of India,C,HIGH,,http://timesofindia.indiatimes.com/
Revcom.us,L,MIXED,,http://revcom.us/
Eagle Rising,,,F,http://eaglerising.com/
Law Newz,LC,HIGH,,http://lawnewz.com/
Heavy.com,LC,HIGH,,http://heavy.com/
Conscious Life News,,MIXED,X,http://consciouslifenews.com/
RT News,RC,MIXED,,https://www.rt.com/news/
AOL,LC,HIGH,,https://www.aol.com/
The Truth About Cancer,,MIXED,X,https://thetruthaboutcancer.com/
Everyday Feminism,L,HIGH,,http://everydayfeminism.com/
Elite Daily,L,MIXED,,http://elitedaily.com/
NewsOne,LC,HIGH,,https://newsone.com/
The Blaze,R,MIXED,,http://www.theblaze.com/
The Sydney Morning Herald,LC,HIGH,,http://www.smh.com.au/
Personal Liberty,,,F,http://personalliberty.com/
The Progressive,L,HIGH,,http://www.progressive.org/
US Uncut,L,MIXED,,http://usuncut.com/
NC Policy Watch,LC,HIGH,,http://www.ncpolicywatch.com/
Salt Lake Tribune,LC,HIGH,,http://www.sltrib.com/
RiverBender.com,C,HIGH,,https://www.riverbender.com/
Canadian Taxpayers Federation,RC,HIGH,,http://www.taxpayer.com/
CityWorldNews,,,F,http://cityworldnews.com/
Greensboro News and Record,LC,HIGH,,http://www.greensboro.com/
The Plain Dealer,LC,HIGH,,http://www.cleveland.com/plaindealer/
Age of Autism,,LOW,X,http://www.ageofautism.com/
The Japan News,RC,HIGH,,http://the-japan-news.com/
City and State New York,C,High,,http://cityandstateny.com/
WRAL,C,HIGH,,http://www.wral.com/
RationalWiki,LC,HIGH,,http://rationalwiki.org/wiki/Main_Page
Providence Journal,LC,HIGH,,http://www.providencejournal.com/
Canada Free Press,R,MIXED,,http://canadafreepress.com/
Commonwealth Fund,LC,HIGH,,http://www.commonwealthfund.org/
The Waking Times,,MIXED,X,http://www.wakingtimes.com/
Conservapedia,,,F,http://www.conservapedia.com/Main_Page
Transpartisan Review,C,HIGH,,http://www.transpartisanreview.com/
Independent Reporter (Ir.Net),L,MIXED,,http://ir.net/
Roll Call,C,VERY HIGH,,http://www.rollcall.com/
Return of Kings,,,F,http://www.returnofkings.com/
VoteVets.org,LC,HIGH,,http://www.votevets.org/
Sungress,,,S,http://www.sungress.com/
Vanity Fair,L,HIGH,,http://www.vanityfair.com/
Eurasia Group,C,HIGH,,http://www.eurasiagroup.net/
The Truth Seeker,,LOW,X,http://www.thetruthseeker.co.uk/
Media Research Center,R,MIXED,,http://www.mrc.org/
Daily Telegraph,RC,HIGH,,http://www.telegraph.co.uk/
The D.C. Clothesline,,,F,http://www.dcclothesline.com/
Metro,LC,HIGH,,http://www.metro.us/
Asia-Pacific Research,,MIXED,X,http://asia-pacificresearch.com/
Ozy Media,LC,HIGH,,http://www.ozy.com/
Daily Infobox,,,F,http://www.dailyinfobox.com/
New Century Times,,,F,http://newcenturytimes.com/
Proud Conservative,,,F,http://www.proudcons.com/
TheGrio,L,HIGH,,http://thegrio.com/
Uncle Sam’s Misguided Children,,,F,http://unclesamsmisguidedchildren.com/
The Independent,LC,HIGH,,http://www.independent.co.uk/us
Miami New Times,LC,HIGH,,http://www.miaminewtimes.com/
The New Observer,,,F,http://newobserveronline.com/
Financial Times,C,HIGH,,https://www.ft.com/
Tea Party Patriots,R,HIGH,,http://www.teapartypatriots.org/
Collectively Conscious,,LOW,X,http://collectivelyconscious.net/
Desert Sun,RC,HIGH,,http://www.desertsun.com/
Bustle Magazine,LC, HIGH,,https://www.bustle.com/
Next Avenue,C,HIGH,,http://www.nextavenue.org/
Chicago Reporter,LC,HIGH,,http://chicagoreporter.com/
Maclean’s Magazine,LC,HIGH,,http://www.macleans.ca/
Bitch Media,L,HIGH,,https://bitchmedia.org/
Voice of San Diego,C,HIGH,,http://www.voiceofsandiego.org/
Walk With Her,,,F,http://walkwithher.com/
Empire Sports News,,,S,http://www.empiresports.co/
A Sheep No More,,LOW,X,http://asheepnomore.net/
Roanoke Times,LC,HIGH,,http://www.roanoke.com/
Woodrow Wilson International Center for Scholars,C,VERY HIGH,,https://www.wilsoncenter.org/
Carbonated TV,L,HIGH,,http://www.carbonated.tv/
Government Slaves,,LOW,X,http://www.govtslaves.info/
Florida Times Union,RC,HIGH,,http://jacksonville.com/
21st Century Wire,,MIXED,X,http://21stcenturywire.com/
Minneapolis Star Tribune,LC,HIGH,,http://www.startribune.com/
University Business,LC,HIGH,,https://www.universitybusiness.com/
DeSmogBlog,L,HIGH,,https://www.desmogblog.com/
Wikipedia,C,HIGH,,https://www.wikipedia.org/
Freakonomics,LC,HIGH,,http://freakonomics.com/
DCReport.org,LC,HIGH,,https://www.dcreport.org/
Cincinnati Enquirer,RC,HIGH,,http://www.cincinnati.com/
I have the Truth,,,F,https://ihavethetruth.com/
iPolitics,LC,HIGH,,http://ipolitics.ca/
Ending the Fed News,,,F,http://endingthefed.com/
Daily Occupation,,LOW,X,http://dailyoccupation.com/
Real Time Politics,,,F,http://realtimepolitics.com/
Global Integrity,C,HIGH,,http://www.globalintegrity.org/
Infowars,,LOW,X,http://www.infowars.com/
Baptist News Global,LC, HIGH,,https://baptistnews.com/
Franklin Center for Government and Public Integrity,RC,MIXED,,http://franklincenterhq.org/
Manchester Union Leader,R,HIGH,,http://www.unionleader.com/
Stimson Center,C,HIGH,,http://stimson.org/
Wichita Eagle,RC,HIGH,,http://www.kansas.com/
Conservative Outfitters,R,MIXED,,https://www.conservativeoutfitters.com/blogs/news
Mexico Daily News,LC,HIGH,,http://mexiconewsdaily.com/
Cracked,,,S,
The European Union Times,,MIXED,X,http://www.eutimes.net/
C-SPAN,C,VERY HIGH,,http://www.c-span.org/
Prophecy Today,,LOW,X,http://www.prophecytoday.com/
Lavender Magazine,L,HIGH,,http://www.lavendermagazine.com/
Grand Rapids Press,RC,HIGH,,http://www.mlive.com/grand-rapids/#/0
Alan Guttmacher Institute,LC,HIGH,,https://www.guttmacher.org/
AwdNews,,MIXED,X,http://awdnews.com/
RealFarmacy,,LOW,X,http://www.realfarmacy.com/
Medusa Magazine,,MIXED,X,https://medusamagazine.com/
Honest Reporting,RC,HIGH,,http://honestreporting.com/
The Shovel,,,S,http://www.theshovel.com.au/
The Fiscal Times,RC,HIGH,,http://www.thefiscaltimes.com/
Gomer Blog,,,S,http://gomerblog.com/
Roosevelt Institute,LC,HIGH,,http://rooseveltinstitute.org/
Natural Cures,,,X,http://naturalcures.com/
Toledo Blade,RC,HIGH,,http://www.toledoblade.com/
The Jerusalem Report,LC,HIGH,,http://www.jpost.com/Jerusalem-Report
We Are Anonymous,,LOW,X,http://anonhq.com/
Heritage Foundation,R,MIXED,,http://www.heritage.org/
American Today,,,F,http://americantoday.news/
Bluevision.news,,,F,http://bluevision.news/
Polygraph.info,C,VERY HIGH,,http://www.polygraph.info/
Overpasses for America,,,F,https://overpassesforamerica.com/
Bbarta24,C,HIGH,,http://en.bbarta24.net/
Natural Awakenings Magazine,,MIXED,X,http://www.naturalawakeningsmag.com/
CounterCurrents.org,L,HIGH,,http://www.countercurrents.org/
Stars and Stripes,C,HIGH,,https://www.stripes.com/
Patriot Fires,,,F,http://www.patriotfires.com/
The Stranger,LC,HIGH,,http://www.thestranger.com/
Underground Health,,LOW,X,http://www.undergroundhealth.com/
BillMoyers.com,LC,VERY HIGH,,http://billmoyers.com/
GeoEngineering Watch,,LOW,X,http://www.geoengineeringwatch.org/
The Indian Express,C,HIGH,,http://indianexpress.com/
Business Standard News (BS News),,,S,http://bizstandardnews.com/
Breaking Defense,RC,HIGH,,http://breakingdefense.com/
The Marshall Project,C,HIGH,,https://www.themarshallproject.org/#.qjbbuljBK
Covert Geopolitics,,MIXED,X,https://geopolitics.co
Second Nexus,LC,MIXED,,http://secondnexus.com/
Occupy Democrats,,,F,http://occupydemocrats.com
Derf Magazine,,,S,http://www.derfmagazine.com/
Cold Dead Hands,R,MIXED,,http://www.colddeadhands.us/
Gallup,C,VERY HIGH,,http://www.gallup.com/home.aspx
World Truth TV,,LOW,X,http://worldtruth.tv/
Revolution News,L,HIGH,,http://revolution-news.com/
Syria News,,,F,http://www.syrianews.cc/
Blue Nation Review,L,MIXED,,http://bluenationreview.com/
Maplight,C,VERY HIGH,,http://maplight.org/
Jones Report,,LOW,X,http://jonesreport.com/
Advocate,L,HIGH,,http://www.advocate.com/
Donald Trump News,,,F,http://donaldtrumpnews.co/
Strategic Culture Foundation,RC,HIGH,,http://www.strategic-culture.org/
The Outlook (Monmouth University),C,HIGH,,http://outlook.monmouth.edu/
Grabien News,C,MIXED ,,https://news.grabien.com/index.php
Stuppid,,,S,http://stuppid.com/
Aeon,LC,HIGH,,https://aeon.co/
The Daily Tarheel,LC,HIGH,,http://www.dailytarheel.com/
The Other 98%,L,MIXED,,http://other98.com/
Quartz,LC,HIGH,,http://qz.com/
Vocativ,C,HIGH,,http://www.vocativ.com/
Mondoweiss,L,HIGH,,http://mondoweiss.net/
Washington Examiner,RC,HIGH,,http://www.washingtonexaminer.com/
QPolitical,,,F,http://qpolitical.com/
Alternative Media Syndicate,,,F,http://alternativemediasyndicate.com
Bust Magazine,L,HIGH,,http://bust.com/
Arkansas Democrat-Gazette,RC,HIGH,,http://www.arkansasonline.com/
International Consortium of Investigative Journalists,C,VERY HIGH,,https://www.icij.org/
Boston Globe,LC,HIGH,,https://www.bostonglobe.com/
Calgary Herald,LC,HIGH,,http://calgaryherald.com/
The Out and Abouter,,,S,https://outabouter.com/
Al Monitor,LC,HIGH,,http://www.al-monitor.com/pulse/home.html
Atlanta Journal-Constitution,LC,HIGH,,http://www.ajc.com/
Political Insider,R,MIXED,,http://www.thepoliticalinsider.com/
Young Conservatives,R,MIXED,,http://www.youngcons.com/
Circa News,C,HIGH,,http://circa.com/
American Civil Liberties Union (ACLU),LC,HIGH,,https://www.aclu.org/
Freedom Liberty News,,,F,http://freedomlibertynews.com/
Buffalo News,LC,HIGH,,http://www.buffalonews.com/
SCOTUSblog,C,HIGH,,http://www.scotusblog.com/
Real News Network,LC,HIGH,,http://therealnews.com/t2/
Calgary Sun,RC,HIGH,,http://www.calgarysun.com/
iTag Live,,,F,http://itaglive.com/
Euronews,C,HIGH,,http://www.euronews.com/
American Spectator,R,HIGH,,http://spectator.org/
World News Daily,,,S,http://worldnewsdailyreport.com/
CNS News,R,MIXED,,http://www.cnsnews.com/
Donald Trump Potus 45,,,F,http://donaldtrumppotus45.com/
Pacific Research Institute,RC,HIGH,,http://www.pacificresearch.org/home/
The Climate Reality Project,L,HIGH,,https://www.climaterealityproject.org/
LibertyTalk.FM,R,MIXED,,http://libertytalk.fm/
Haaretz,LC,HIGH,,http://www.haaretz.com/
Freedom Works,R,MIXED,,http://www.freedomworks.org/
Living Resistance,,MIXED,X,http://livingresistance.com/
Global Politics Now,,,F,http://globalpoliticsnow.com/
Lew Rockwell,,,F,https://www.lewrockwell.com/
Civic Tribune,,,S,http://civictribune.com/
Nation One News,,,F,https://nationonenews.com/
Young Turks,L,HIGH,,https://tytnetwork.com/
TeleSUR,L,MIXED,,http://www.telesurtv.net/english/
Think Progress,L,MIXED,,http://thinkprogress.org/
Prop or Not,,MIXED,X,http://www.propornot.com/p/home.html
El Paso Times,LC,HIGH,,http://www.elpasotimes.com/
Right Wing News,,,F,https://rightwingnews.com/
Debate Post,R,HIGH,,http://debatepost.com/
Cato Institute,RC,HIGH,,http://www.cato.org/
Cosmopolitan,L,HIGH,,http://www.cosmopolitan.com/
Mic,LC,HIGH,,https://mic.com/
Enduring Vision,,,S,http://www.enduringvision.com/
National Report,,,S,http://nationalreport.net/
Winston-Salem Journal,RC,HIGH,,http://www.journalnow.com/
Chicago Sun Times,LC,HIGH,,http://chicago.suntimes.com/
KMOV-St. Louis,LC,HIGH,,http://www.kmov.com/
Reference News (Xinhua),C,HIGH,,http://www.news.cn/english/
Guardian Liberty Voice,L,HIGH,,http://guardianlv.com/
Vote,L,MIXED,,http://vote.us.org/
Media Matters,L,HIGH,,http://mediamatters.org/
Truth Revolt,,,F,http://www.truthrevolt.org/
Politics That Work,LC,HIGH,,http://politicsthatwork.com/
BlastingNews,LC,MIXED,,http://us.blastingnews.com/
Breakingtop.world,,,F,http://breakingtop.world/
Elisabeth Parker,L,HIGH,,http://elisabethparker.com/
Viral Cords,,,S,https://viralcords.com/
California Political Review,RC,HIGH,,http://www.capoliticalreview.com/
Liberty News,R, MIXED,,http://libertynews.com/
Online Conservative Press,,,F,http://onlineconservativepress.com/
American Journal Review,,,F,http://www.americanjournalreview.com/
Z Magazine,L,HIGH,,https://zcomm.org/zmag/
The Spoof,,,S,http://www.thespoof.com/
Bloomberg,LC,HIGH,,https://www.bloomberg.com/
Southern Poverty Law Center,LC,HIGH,,https://www.splcenter.org/
Political Storm,C,HIGH,,http://www.politicalstorm.com/
David Horowitz Freedom Center,,,F,http://www.horowitzfreedomcenter.org/
The Daily Discord,,,S,http://www.dailydiscord.com/
One America News Network,R,MIXED,,http://www.oann.com/
PXW News,C,HIGH,,http://parallax.news/
Milwaukee Journal-Sentinel,LC,HIGH,,http://www.jsonline.com/
Forbes,RC,MIXED,,http://www.forbes.com/
Philippine Daily Inquirer,LC,HIGH,,https://www.inquirer.net/
Headline News Network,,,S,http://headlinennews.com/
Arizona Daily Star,LC,HIGH,,http://tucson.com/
Prison Planet,,LOW,X,http://www.prisonplanet.com/
Real Jew News,,LOW,X,http://www.realjewnews.com/
Center For American Progress,L,HIGH,,https://www.americanprogress.org/
Geller Report,,,F,http://pamelageller.com/
Jihad Watch,,,F,https://www.jihadwatch.org/
News Mutiny,,,S,http://newsmutiny.com/
I Love My Freedom,,,F,http://ilovemyfreedom.org/
World Politicus,,,F,http://worldpoliticus.com/
The Christian Left,LC,HIGH,,http://www.thechristianleft.org/
DailySnark,,,S,http://dailysnark.com/
Center for a Stateless Society,RC,HIGH,,https://c4ss.org/
New York Post,RC,MIXED,,http://nypost.com/
Daily News Bin,L,MIXED,,http://www.dailynewsbin.com/
Foreign Policy Initiative,RC,HIGH,,http://www.foreignpolicyi.org/
The Zero Hour,LC,HIGH,,http://www.thisisthezerohour.com/
Seattle Post-Intelligencer,LC,HIGH,,http://www.seattlepi.com/
Another Day in the Empire,,MIXED,X,http://anotherdayintheempire.com/
Citizens for Tax Justice,LC,HIGH,,http://ctj.org/
Foreign Policy Research Institute,RC,VERY HIGH,,http://www.fpri.org/
Danger and Play,,,F,https://www.dangerandplay.com/
Subject Politics,,,F,https://subjectpolitics.com/
USA Spending.gov,C,VERY HIGH,,https://www.usaspending.gov/
Free West Media,C,HIGH,,http://freewestmedia.com/
Hartford Courant,LC,HIGH,,http://www.courant.com/
NewsInsideOut.com,,LOW,X,https://newsinsideout.com/
Carnegie Endowment for International Peace,C,VERY HIGH,,http://carnegieendowment.org/
The College Fix,R,MIXED,,http://www.thecollegefix.com/
Mean Left Hook,L,MIXED,,http://meanlefthook.com/
NewsExaminer.net,,,F,
The Last Great Stand,,LOW,X,http://thelastgreatstand.com/
Business Insider,LC,HIGH,,http://www.businessinsider.com/
Answers in Genesis,,LOW,X,https://answersingenesis.org/
DC Gazette,,,F,http://thedcgazette.com/
Asharq Al-Awsat,C,HIGH,,http://english.aawsat.com/
Atomic Monkey,,,S,https://atomicmonkey.wordpress.com/tag/political-satire/
Lozier Institute,,LOW,X,https://lozierinstitute.org/
Health Sciences Institute,,LOW,X,http://hsionline.com/
OneEighty,C,MIXED,,http://180report.com/
The Conversation,C,HIGH,,https://theconversation.com/us
Assassination Science,,LOW,X,http://assassinationscience.com/
International Rescue Committee,C,HIGH,,https://www.rescue.org/
Wall Street Journal,RC,HIGH,,http://www.wsj.com/
Red Pepper,L,HIGH,,http://www.redpepper.org.uk/
The Gazette (Cedar Rapids),RC,HIGH,,http://www.thegazette.com/
Accuracy in Media (AIM),R,MIXED,,http://www.aim.org/
Stone Cold Truth,,,F,https://stonecoldtruth.com/
The Intercept,LC,HIGH,,https://theintercept.com/
ListVerse,C,HIGH,,http://listverse.com/
National Policy Institute,,,F,http://www.npiamerica.org/
Des Moines Register,RC,HIGH,,http://www.desmoinesregister.com/
The Federalist,R,HIGH,,http://thefederalist.com/
US Info News,,,F,http://usinfonews.com/
Conspiracy Planet,,LOW,X,http://www.conspiracyplanet.com/
NewsBreaksHere,,,F,https://newsbreakshere.com/
National Observer (Canada),LC,HIGH,,http://www.nationalobserver.com/
Prospect Magazine,LC,HIGH,,http://www.prospectmagazine.co.uk/
London Free Press,RC,HIGH,,http://www.lfpress.com/
The Meme Policeman,C,HIGH,,http://memepoliceman.com/
National Economic Editorial,,,F,http://www.nationaleconomicseditorial.com/
"Red, White and Right",,,F,https://redwhiteandright.com/
Pittsburgh Post-Gazette,LC,,,http://www.post-gazette.com/
Manhattan Institute for Policy Research,RC,HIGH,,http://www.manhattan-institute.org/
York Daily Record,LC,HIGH,,http://www.ydr.com/
The Spectator (UK),RC,HIGH,,http://www.spectator.co.uk/
Empire News,,,S,http://empirenews.net/
"Yes, I’m Right",,,F,http://www.yesimright.com/#
LifeZette,R,MIXED,,http://www.lifezette.com/
American Lookout,,,F,https://americanlookout.com/
Gizmodo,L,HIGH,,http://gizmodo.com/
Colorado Springs Gazette,RC,HIGH,,http://gazette.com/
PM Nightly News,,,F,http://pmnightlynews.com/
Gone Left,,,F,http://goneleft.com/
Washington Monthly,L,HIGH,,http://washingtonmonthly.com/
Independent Media Center,LC,MIXED,,https://www.indymedia.org/or/index.shtml
The Constitution,,,F,http://constitution.com/
Ancient Origins,,MIXED,X,http://www.ancient-origins.net/
Red Rock Daily New,,,F,http://redrockdaily.com/
Allen West Republic,,,F,http://allenwestrepublic.com/
Omaha World Herald,RC,HIGH,,http://www.omaha.com/
Daily Dot,L,HIGH,,http://www.dailydot.com/
Hard Dawn,,,S,http://harddawn.com/
Constitution Project,C,HIGH,,http://www.constitutionproject.org/
The Phnom Penh Post,C,HIGH,,http://www.phnompenhpost.com/
Esquire Magazine,L,HIGH,,http://www.esquire.com/
Electronic Frontier Foundation,LC,HIGH,,https://www.eff.org/
Press TV,LC,MIXED,,http://www.presstv.com/
Why Don’t You Try This,,LOW,X,http://www.whydontyoutrythis.com/
Yahoo News,LC,MIXED,,https://www.yahoo.com/news/?ref=gs
Patriot Update,,,F,http://patriotupdate.com/
Freedom’s Final Stand,,,F,http://freedomsfinalstand.com/
Sustainable Pulse,,LOW,X,http://sustainablepulse.com/
Student Daily News,RC,HIGH,,https://www.studentnewsdaily.com/
The Corbett Report,,LOW,X,https://www.corbettreport.com/
Democratic Underground,L,MIXED,,http://www.democraticunderground.com/
Raleigh News & Observer,LC,HIGH,,http://www.newsobserver.com/
Red River Valley News,RC,HIGH,,http://www.valleynewslive.com/
EcoWatch,,MIXED,X,http://www.ecowatch.com/
Countable News,C,HIGH,,http://blog.countable.us/
The Age (Australia),LC,HIGH,,http://www.theage.com.au/
The Times,,,S,http://times.com.mx/
Liberty Videos,,LOW,X,http://libertyvideos.org/
Conservative 101,,,F,https://conservative101.com/
Reagan Coalition,,,F,http://reagancoalition.com/
Metro UK,LC,HIGH,,http://metro.co.uk/
Americans for Prosperity,R,MIXED,,http://americansforprosperity.org
Crime Prevention Research Center,R,MIXED,,http://crimeresearch.org/
Tampa Tribune,RC,HIGH,,http://www.tbo.com/
LA Times,LC,HIGH,,http://www.latimes.com/
Investement Watch Blog,,MIXED,X,http://investmentwatchblog.com/
Salon,L,HIGH,,http://www.salon.com/
EU Observer,LC,HIGH,,https://euobserver.com/
Congressional Budget Office (CBO),C,VERY HIGH,,https://www.cbo.gov/
369News,,MIXED,X,http://369news.net/
The Sun,R,MIXED,,https://www.thesun.co.uk/
The Duran,,,F,http://theduran.com/
Democrat and Chronicle,LC,HIGH,,http://www.democratandchronicle.com/
Alaska Dispatch News,LC,HIGH,,http://www.adn.com/
American Patriot Daily,,,F,http://www.americanpatriotdaily.com/
Conservative Base,R,MIXED,,https://conservativebase.com/
The Blacksphere,R,MIXED,,http://theblacksphere.net/
Viral Devil,,,S,http://viraldevil.com
Voice of America TV (voiceofamericatv.com),,LOW,X,http://voiceofamericatv.com/
Center For Public Integrity,C,VERY HIGH,,https://www.publicintegrity.org/
Discover the Networks,,,F,http://www.discoverthenetworks.org/
Newsela,C,HIGH,,https://newsela.com/
Berkshire Eagle,LC,HIGH,,http://www.berkshireeagle.com/
International Press Institute,C,VERY HIGH,,http://www.freemedia.at/
Heat Street,R,MIXED,,http://heatst.com/
Times-Picayune,LC,HIGH,,http://www.nola.com/#/0
Digg,LC,HIGH,,http://digg.com/
New York Magazine,L,HIGH,,http://nymag.com/
Congress.gov,C,VERY HIGH,,https://www.congress.gov/
Politifact,C,VERY HIGH,,http://www.politifact.com/
Breitbart Unmasked,L,MIXED,,http://www.breitbartunmasked.com/
Political Ears,,,F,http://www.politicalears.com/#
Pittsburgh Tribune Review,RC,HIGH,,http://triblive.com/
BDNews24,C,HIGH,,http://bdnews24.com/
Highline,LC,HIGH,,http://highline.huffingtonpost.com
News Target,,MIXED,X,http://www.newstarget.com/
National Monitor,LC,HIGH,,http://natmonitor.com/
New York Daily News,LC,MIXED,,http://www.nydailynews.com/
Dallas Morning News,RC,HIGH,,http://www.dallasnews.com/
LeftScoop,L,MIXED,,https://www.leftscoop.com/
NBC News,LC,HIGH,,http://www.nbcnews.com/
Stock News USA,C,HIGH,,https://stocknewsusa.com
Los Angeles Daily News,RC,HIGH,,http://www.dailynews.com/
Religion Mind,,MIXED,X,http://www.religionmind.com/
The Australian,RC,HIGH,,http://www.theaustralian.com.au/
Center For Responsive Politics,C,VERY HIGH,,http://www.opensecrets.org/
News and Guts,LC,HIGH,,https://www.newsandgutsmedia.com/
Right Journalist,,,F,http://rightjournalist.com/
SFGate,LC,HIGH,,http://www.sfgate.com/
Center for a New American Security,C,HIGH,,http://www.cnas.org/
LaRouche PAC,,LOW,X,https://larouchepac.com/
Project Veritas,R,MIXED,,http://projectveritas.com/
The Hearty Soul,,MIXED,X,http://theheartysoul.com/
The News Nerd,,,S,http://www.thenewsnerd.com/
Feminist Frequency,LC,HIGH,,https://feministfrequency.com/
Middle East Monitor,L,MIXED,,https://www.middleeastmonitor.com/
The Sun Magazine,LC,HIGH,,http://thesunmagazine.org/
Left Over Rights,L,MIXED,,http://leftoverrights.com/
Daily USA Update,,,F,http://dailyusaupdate.com/
Castanet,C,HIGH,,http://www.castanet.net/
Fox News,R,MIXED,,http://www.foxnews.com/
South Jersey Mechanic (Trump News),,,F,http://southjerseymechanic.com/
The Premium News,,,F,http://thepremiumnews.com/
MSN,LC,HIGH,,http://www.msn.com/
New Internationalist,L,HIGH,,https://newint.org/
StormFront,,LOW,X,https://www.stormfront.org/forum/blogs/recent-entries/
Transparency International,C,VERY HIGH,,https://www.transparency.org/
Tell Me ,,,F,http://www.tmn.today/
Conservative Daily News,R, MIXED,,http://www.conservativedailynews.com/
Every CRS Report,C,VERY HIGH,,https://www.everycrsreport.com/
Mercola,,LOW,X,http://www.mercola.com/
Vice News,LC,MIXED,,https://www.vice.com/
Patriotic Viral News,,,F,http://patrioticviralnews.com/
Radio Free Asia,LC,HIGH,,http://www.rfa.org/english/
Conservative Army,,,F,http://conservativearmy88.com/
The Whim,C,HIGH,,http://www.thewhim.com/
The Jewish Press,RC,HIGH,,http://www.jewishpress.com/
Commentary Magazine,R,HIGH,,https://www.commentarymagazine.com/
NBC.com.co,,,F,
Shoebat,,LOW,X,http://shoebat.com/
Independent Living News,,MIXED,X,https://independentlivingnews.com/
The Virginian Pilot,LC,HIGH,,http://pilotonline.com/
Baltimore Sun,LC,HIGH,,http://www.baltimoresun.com/
Tea Party Tribune,R, HIGH,,http://www.teapartytribune.com/
The News (Mexico City),C,HIGH,,http://www.thenews.mx/
MyZoneToday,,,F,http://myzonetoday.com/
Denver Post,LC,HIGH,,http://www.denverpost.com/
Health Nut News,,LOW,X,http://www.healthnutnews.com/
Red Alert Politics,R,MIXED,,http://redalertpolitics.com/
Helsinki Times,LC,HIGH,,http://www.helsinkitimes.fi/
NewsNow (UK),C,MIXED,,http://www.newsnow.co.uk/h/
Open Magazines,,,F,http://openmagazines.com/
Tax Foundation,RC,VERY HIGH,,http://taxfoundation.org/
Press Progress,L,HIGH,,https://www.pressprogress.ca/
New Revolution Now,R,HIGH,,http://www.newrevolutionnow.org/
Bridge Magazine,C,HIGH,,http://www.bridgemi.com
International Energy Agency,C,HIGH,,https://www.iea.org/
Black Genocide,,,F,http://www.blackgenocide.org/home.html
Ammoland,R,HIGH,,http://www.ammoland.com/
News Heist,RC,MIXED,,http://newsheist.com/
Drudge Retort,L,MIXED,,http://www.drudge.com/
That’s Nonsense,C,HIGH,,http://www.thatsnonsense.com/
Ice News,LC,HIGH,,http://www.icenews.is/
WhatDoesItMean,,LOW,X,http://www.whatdoesitmean.com/
Hoover Institution,RC,MIXED,,http://www.hoover.org/
Conservative Review,R,MIXED,,https://www.conservativereview.com/
cnn-globalnews.com,,,F,http://www.cnn-globalnews.com/
This,L,HIGH,,https://this.org/
StopFake,LC,HIGH,,http://www.stopfake.org/
Washington Times,RC,HIGH,,http://www.washingtontimes.com/
Consortium News,C,HIGH,,https://consortiumnews.com/
Peterson Foundation,C,HIGH,,http://www.pgpf.org/
Drudge Report,R,MIXED,,http://www.drudgereport.com/
Charlotte Observer,LC,HIGH,,http://www.charlotteobserver.com/
Filming Cops,L,HIGH,,http://filmingcops.com/
MercoPress,C,High,,http://en.mercopress.com/
Daily Caller,R,MIXED,,http://dailycaller.com/
WGN News,LC,HIGH,,http://wgntv.com/
The Chronicle of Higher Education,C,High,,http://www.chronicle.com/
ChristianToday.Info,,LOW,X,http://www.christiantoday.info/
The Federalist Papers Project,,,F,http://thefederalistpapers.org/
American Herald Tribune,LC,HIGH,,http://ahtribune.com/
The Economist,C,HIGH,,http://www.economist.com/
Rolling Stone,LC,HIGH,,http://www.rollingstone.com/
Seattle Times,LC,HIGH,,http://www.seattletimes.com/
End Time Headlines,,LOW,X,http://endtimeheadlines.org/
Socialist Standard,L,HIGH,,http://www.worldsocialism.org/spgb/
Media Fact Watch,,MIXED,X,http://mediafactwatch.com/
Mackinac Center for Public Policy,RC,HIGH,,http://www.mackinac.org/
The Patriot Post,R,MIXED,,https://patriotpost.us/
The Frisky,L,HIGH,,http://www.thefrisky.com/
The Unreal Times,,,S,http://www.theunrealtimes.com/
Al Majalla,C,HIGH,,http://eng.majalla.com/
San Antonio Express-News,LC,HIGH,,http://www.mysanantonio.com/
World Economic Forum,C,HIGH,,https://www.weforum.org/
Big American News,,,S,http://bigamericannews.com/
Denver Guardian,,,F,http://denverguardian.com/
PanAm Post,LC,HIGH,,https://panampost.com/
Empire Herald,,,F,https://empireherald.com/
Fusion,LC,MIXED,,http://fusion.net/
We Conservative,,,F,http://weconservative.com/
American Fans,,,F,http://americafans.com/
Miami Herald,LC,HIGH,,http://www.miamiherald.com/
The Right Scoop,R,HIGH,,http://therightscoop.com/
Dissent Magazine,L,HIGH,,https://www.dissentmagazine.org/
Gatestone Institute,R,MIXED,,https://www.gatestoneinstitute.org/
Next News Network,R,MIXED,,http://nextnewsnetwork.com/
Cap News,,,S,http://cap-news.com/
Environmental Working Group (EWG),,MIXED,X,http://www.ewg.org/
The Jerusalem Post,C,HIGH,,http://www.jpost.com/
Center for Advanced Defense Studies,C,VERY HIGH,,http://c4ads.org/
Daily Kos,L,MIXED,,http://www.dailykos.com/
Mashable,L,HIGH,,http://mashable.com/
Regated News,R,MIXED,,https://regated.com/
World Politics Review,C,HIGH,,http://www.worldpoliticsreview.com/
Rabble.ca,L,HIGH,,http://rabble.ca/
International Organization,C,VERY HIGH,,http://journals.cambridge.org/action/displayIssue?jid=INO&tab=currentissue
Indianapolis Star,LC,HIGH,,http://www.indystar.com/
Citizens for Legitimate Government,LC,MIXED,,http://www.legitgov.org/
World Magazine,R,MIXED,,https://world.wng.org/
USA Newsflash,,,F,http://usanewsflash.com/
Al Bawaba,C,HIGH,,http://www.albawaba.com/
Center for Inquiry,C,VERY HIGH,,http://www.centerforinquiry.net/
St. Louis Post-Dispatch,LC,HIGH,,http://www.stltoday.com/
US Postman,,,F,http://uspostman.com/
Free Press,LC,High,,http://www.freepress.net/
The Economic Times,LC,HIGH,,http://economictimes.indiatimes.com/
Conservative Nation,,,F,http://www.consnation.com/
Tyranny Rising,,MIXED,X,https://tyrannyrising.com/
The Political Garbage Chute,,,S,http://www.politicalgarbagechute.com/
CounterPsyOps,,MIXED,X,https://counterpsyops.com/
Asheville Citizen-Times,LC,HIGH,,http://www.citizen-times.com/
St. George Gazette,,,S,http://stgeorgegazette.com/
The Post and Email,R,MIXED,,http://www.thepostemail.com/
Center for Global Development,C,VERY HIGH,,http://www.cgdev.org/
Conservative Post,,,F,http://conservativepost.com/
Propublica,LC,HIGH,,https://www.propublica.org/
BBC,LC,VERY HIGH,,http://www.bbc.com/news
The Science Post,,,S,http://thesciencepost.com/
Stubhill News,,,S,https://stubhillnews.com/
US Politics Info,R,MIXED,,https://uspoliticsinfo.com/
Oil Price,RC,HIGH,,http://oilprice.com/
Rile News,,,S,http://rilenews.com/
Health Eternally,,MIXED,X,http://healtheternally.com/
News Corpse,L,MIXED,,http://newscorpse.com/
Talking Points Memo,L,HIGH,,http://talkingpointsmemo.com/
Committee for a Responsible Federal Budget,C,VERY HIGH,,http://crfb.org/
Independent Voter Network (IVN),C,HIGH,,https://ivn.us/
Empty Wheel,LC,HIGH,,https://www.emptywheel.net/
ZootFeed.com,,,F,http://www.zootfeed.com/
Bay Area Reporter,L,HIGH,,http://www.ebar.com/
Post-Bulletin,RC,HIGH,,http://www.postbulletin.com/
The Boston Tribune,,,F,http://thebostontribune.com/
Neon Nettle,,LOW,X,http://www.neonnettle.com/
Conservative Fighters,,,F,http://conservativefighters.com/
El Pais,LC,HIGH,,http://elpais.com/elpais/inenglish.html
Rudaw,LC,HIGH,,http://rudaw.net/english
Encyclopedia Dramatica,,,S,https://encyclopediadramatica.se/Main_Page
Vaccines.news,,LOW,X,http://www.vaccines.news/
Israel Video Network,,,F,http://www.israelvideonetwork.com/
Before It’s News,,,F,http://beforeitsnews.com/
American Family Association,,,F,http://www.afa.net/
AFP (Agence France Presse),C,HIGH,,https://www.afp.com/en/home
Rappler,L,MIXED,,http://www.rappler.com/
Red Info,,,F,http://www.redinfo.us/
Aurora-News,,,F,http://aurora-news.us/
YnetNews,LC,HIGH,,http://www.ynetnews.com/
David Icke,,LOW,X,https://www.davidicke.com/
Public Radio International (PRI),LC,High,,http://www.pri.org/
Above Top Secret,,LOW,X,http://www.abovetopsecret.com/
The News Tribune,LC,HIGH,,http://www.thenewstribune.com/
Good Magazine,L,HIGH,,https://www.good.is/
Fury News,,,F,http://www.fury.news/
Australian Financial Review,C,HIGH,,http://www.afr.com/
100 Percent Fed Up,,,F,http://100percentfedup.com/
The Resistance: The Last Line of Defense,,,S,http://thelastlineofdefense.org/
Wonkette,L,MIXED,,http://wonkette.com/
247 News Media,,,F,http://247newsmedia.com/
GOD (Good Lord Above),,,S,http://thegoodlordabove.com/
TruNews,,LOW,X,http://www.trunews.com/
Patriot Hangout,,,F,http://patriothangout.com/
The Daily Bell,,,F,http://www.thedailybell.com/
St. Pete for Peace,L,HIGH,,https://www.stpete4peace.org/
Proud Leader,,,F,http://proudleader.com/
News.com.au,LC,HIGH,,http://www.news.com.au/
Hang the Bankers,,,F,http://www.hangthebankers.com/
YellowHammer News,R,HIGH,,http://yellowhammernews.com/
9 News (Australia),RC,HIGH,,http://www.9news.com.au/
GovTrack,C,VERY HIGH,,https://www.govtrack.us/
Orange County Register,RC,HIGH,,http://www.ocregister.com/
Red Country,,,F,http://www.redcountry.us/
Natural Cures Not Medicine,,LOW,X,http://naturalcuresnotmedicine.info/
American Renaissance,,,F,http://www.amren.com/
The Hill,LC,MIXED,,http://thehill.com/
Evolution News and Views,,LOW,X,http://www.evolutionnews.org/
America Magazine,LC,HIGH,,http://www.americamagazine.org/
Coast to Coast AM,,LOW,X,http://www.coasttocoastam.com/
The Daily Banter,L,HIGH,,http://thedailybanter.com/
Institute for Humane Studies,RC,HIGH,,https://theihs.org/
Constitution Rising,,,F,http://rickwells.us/
Scary Mommy,L,HIGH,,http://www.scarymommy.com/
Current Affairs Magazine,L,HIGH,,https://www.currentaffairs.org/
Liberty Alliance,R,MIXED,,http://libertyalliance.com/
Our Eye on Islam,,,F,http://www.oureyeonislam.com/
If America Knew,LC,HIGH,,http://ifamericaknew.org/
American Council on Science and Health,RC,HIGH,,http://acsh.org/
I24 News,C,HIGH,,http://www.i24news.tv/
Freedom House,RC,HIGH,,https://freedomhouse.org/
Star-Telegram,RC,HIGH,,http://www.star-telegram.com/
Emirates 24/7,LC,HIGH,,http://www.emirates247.com/
US Political Post,L,MIXED,,http://theuspoliticalpost.com/
Mental Floss,C,HIGH,,http://mentalfloss.com/
Liberty Viral,RC,HIGH,,https://libertyviral.com/
Chicks on the Right,R,HIGH,,http://www.chicksontheright.com/
USA Hitman,,LOW,X,https://usahitman.com/
Blue Dot Daily,L,MIXED,,http://www.bluedotdaily.com/
Reflection of Mind,,LOW,X,http://reflectionofmind.org/
Daily Signal,R,MIXED,,http://dailysignal.com/
The Trumpet,,MIXED,X,https://www.thetrumpet.com/
Heartland Institute,R,MIXED,,https://www.heartland.org/
NowThis News,L,MIXED,,https://nowthisnews.com/
Wellness Achiever,,MIXED,X,http://wellnessachiever.net/
American Updater,,,F,http://americanupdater.com/
American College of Pediatricians,,,F,https://www.acpeds.org/
Sacramento Bee,LC,HIGH,,http://www.sacbee.com/
Real Clear Defense,RC,HIGH,,http://www.realcleardefense.com/
Americans Against the Tea Party (AATTP),,,F,http://aattp.org/
Anti-War,RC,MIXED,,http://antiwar.com/
Public Religion Research Institute (PRRI),C,VERY HIGH,,http://www.prri.org/
McClatchyDC,C,HIGH,,http://www.mcclatchydc.com/
CelebTriCity,,,S,http://www.celebtricity.com/
WND (World Net Daily),R,MIXED,,http://www.wnd.com/
Politico Info,,,F,http://www.politicoinfo.com/
The Village Voice,L,HIGH,,http://www.villagevoice.com/
FM Observer,,,S,http://fmobserver.com/
Censored.News,,,F,http://www.censored.news/
Science Debate,C,VERY HIGH,,http://sciencedebate.org/
Grist,LC,HIGH,,http://grist.org/
Numbers USA,R,MIXED,,https://www.numbersusa.com/
From the Trenches World Report,,LOW,X,http://www.fromthetrenchesworldreport.com/
New York Times,LC,HIGH,,https://www.nytimes.com/
Humans Are Free,,LOW,X,http://humansarefree.com/
Every News Here,,LOW,X,http://www.everynewshere.com/
DC Statesman,R,MIXED,,http://www.dcstatesman.com/
The New York Evening,,,F,http://thenewyorkevening.com/
NewsHounds,L,MIXED,,http://www.newshounds.us/
Anderson Institute,,MIXED,X,http://www.andersoninstitute.com/
Alt-Market,,MIXED,X,http://www.alt-market.com/
VDARE,,,F,http://www.vdare.com/
The Federation for American Immigration Reform,,,F,http://www.fairus.org/
David Wolfe,,MIXED,X,https://www.davidwolfe.com/
Disclose TV,,LOW,X,http://www.disclose.tv/
No Labels,C,HIGH,,https://www.nolabels.org/
Center for Immigration Studies (CIS),,,F,http://cis.org/
Liberty Hangout,R,MIXED,,http://libertyhangout.org/
The Irrawaddy,LC,HIGH,,http://www.irrawaddy.com/
Liberty Brief,,,F,http://libertybrief.com/
Daily Insider News,,,F,
Consumerist,C,HIGH,,https://consumerist.com/
Knowledge of Today,,LOW,X,http://www.knowledgeoftoday.org/
Abril Uno,,,S,http://abriluno.com/
Columbia Journalism Review (CJR),LC,HIGH,,http://www.cjr.org/
Carolina Public Press,LC,HIGH,,http://carolinapublicpress.org/
Freakout Nation,,,F,http://freakoutnation.com/
Competitive Enterprise Institute,RC,HIGH,,https://cei.org/
The Guardian,LC,HIGH,,https://www.theguardian.com/us
Daily Squib,,,S,http://www.dailysquib.co.uk/
Merry Jane,L,HIGH (No pun intended),,https://www.merryjane.com/
Universe Politics,,,F,http://universepolitics.com/
The Moderate Voice,C,HIGH,,http://themoderatevoice.com/
Nevo News,,,F,http://nevo.news/
Forward Progressives,L,HIGH,,http://www.forwardprogressives.com/
Vatican Radio,,,F,http://en.radiovaticana.va/
The National Memo,L,HIGH,,http://www.nationalmemo.com/
National Review,R,HIGH,,http://www.nationalreview.com/
Focus on the Family,,,F,http://www.focusonthefamily.com/
The Lapine,,,S,https://thelapine.ca/
Anti-Defamation League,LC,HIGH,,http://www.adl.org/
Group of Thirty,RC,HIGH,,http://group30.org/
World Affairs Journal,LC,HIGH,,http://www.worldaffairsjournal.org/
Center for International Policy,LC,VERY HIGH,,https://www.ciponline.org/
The Press-Enterprise,RC,HIGH,,http://www.pe.com/
AmericaBlog,L,HIGH,,http://americablog.com/
Foreign Policy,C,HIGH,,http://foreignpolicy.com/
A Voice for Men,,,F,https://www.avoiceformen.com/
Al Arabiya,C,HIGH,,https://english.alarabiya.net/
Conservative News Flash,,,F,http://conservativeflashnews.com/
Star-Ledger,LC,HIGH,,http://www.nj.com/starledger/
Liberty is Viral,,,F,http://libertyisviral.com/
The Monthly (Australia),LC,HIGH,,https://www.themonthly.com.au/
ACN Latitudes,,MIXED,X,http://latitudes.org/
Morning Ledger,,LOW,X,http://www.morningledger.com/
The USA Conservative,,,F,http://usa-conservative.com/
Human Rights Watch,LC,HIGH,,https://www.hrw.org/
Scoopnest,C,HIGH,,http://www.scoopnest.com/
Moscow Times,LC,HIGH,,https://themoscowtimes.com/
The Rundown Live,,LOW,X,http://therundownlive.com/news/
High Point Enterprise,RC,HIGH,,http://www.hpenews.com/
Secrets of the Fed,,MIXED,X,http://www.secretsofthefed.com/
AbcNews.com.co,,,F,http://abcnews.com.co/
New Yorker,L,HIGH,,http://www.newyorker.com/
Truth Be Told,C,HIGH,,http://truthbetold.news/
The Observatory,C,HIGH,,https://observatory.journalism.wisc.edu/
New America Foundation,C,HIGH,,https://www.newamerica.org/
Montreal Gazette,LC,HIGH,,http://montrealgazette.com/
The Beaverton,,,S,https://www.thebeaverton.com/
Daily Record,C,HIGH,,http://www.dailyrecord.com/
Blacklisted News,,MIXED,X,http://www.blacklistednews.com/
Committee for Economic Development,C,HIGH,,https://www.ced.org/
True Pundit,,MIXED,X,http://truepundit.com/
American Action Forum,RC,HIGH,,https://www.americanactionforum.org/
Akron Beacon Journal,LC,HIGH,,http://www.ohio.com/
The Truth Division,,,F,http://thetruthdivision.com/
ATTN:,LC,HIGH,,http://www.attn.com/
New Politics Today,,,F,https://www.newpoliticstoday.com/
American Free Press,,LOW,X,https://americanfreepress.net/
The Patriot-News,LC,HIGH,,http://www.pennlive.com/
Breitbart,R,MIXED,,http://www.breitbart.com/
Truth Examiner,,,F,https://www.truthexaminer.com/
USANewsToday,,,F,http://usanewstoday.org/
Africa News,C,HIGH,,http://www.africanews.com/
Read Conservatives,,,F,http://readconservatives.news/
Metapedia,,,F,http://en.metapedia.org/wiki/Main_Page
The Verge,LC,HIGH,,http://www.theverge.com/
If You Only News,,,F,http://www.ifyouonlynews.com/
Chicago Tribune,LC,HIGH,,http://www.chicagotribune.com/
WorldPolitics News,,,F,http://24wpn.com/
Liberal Society,,,F,http://liberalsociety.com/
The Hindu,LC,HIGH,,http://newsite.thehindu.com/
Spiked Magazine,R,MIXED,,http://spiked-online.com/
Left Side of History,L,MIXED,,http://www.leftsideofhistory.com/
Just Facts,RC,HIGH,,http://www.justfacts.com/
Living Whole,,MIXED,X,http://www.livingwhole.org/
World News,C,HIGH,,http://wn.com/
TomDispatch.com,LC,HIGH,,http://www.tomdispatch.com/
Palmer Report,L,MIXED,,http://www.palmerreport.com/
Charisma News,,LOW,X,http://www.charismanews.com/
Beijing Review,LC,HIGH,,http://www.bjreview.com/
Liberty Unyielding,R,MIXED,,http://libertyunyielding.com/
President 45 Donald Trump,,,F,http://president45donaldtrump.com/
Statesman Journal,RC,HIGH,,http://www.statesmanjournal.com/
Times of London,RC,,,http://www.thetimes.co.uk/
Mediaite,L,HIGH,,http://www.mediaite.com/
JeffereyJaxen.com,,MIXED,X,http://www.jeffereyjaxen.com/news
American People Network,,,F,http://americanpeoplenetwork.com/
Unicorn Riot,LC,HIGH,,http://www.unicornriot.ninja/
Abel Danger,,MIXED,X,http://www.abeldanger.net/
Pak Alert Press,,LOW,X,http://www.pakalertpress.com/
Metabunk,C,HIGH,,https://www.metabunk.org/
Campaign Life Coalition,R,MIXED,,http://www.campaignlifecoalition.com/
PBS News Hour,LC,HIGH,,http://www.pbs.org/newshour/
Infinite Unknown,,LOW,X,http://www.infiniteunknown.net/
Euractiv,LC,MIXED,,http://www.euractiv.com/
World Press Review,C,VERY HIGH,,http://worldpress.org/
All News Pipeline,,,F,http://allnewspipeline.com/
CS Globe,,LOW,X,http://csglobe.com/
Christianity Today,RC,HIGH,,http://www.christianitytoday.com/
Slate,L,HIGH,,http://www.slate.com/
Daily Star UK,,MIXED,X,http://www.dailystar.co.uk/
Left Foot Forward,L,HIGH,,https://leftfootforward.org/
The Daily Vox,L,HIGH,,https://www.thedailyvox.co.za/
MartinLutherKing.org,,,F,http://www.martinlutherking.org/
The Algemeiner Journal,RC,HIGH,,https://www.algemeiner.com/
SCEPCOP (Debunking Skeptics),,LOW,X,http://www.debunkingskeptics.com/
Truth and Action,,,F,http://www.truthandaction.org/
The Local (Norway),LC,HIGH,,http://www.thelocal.no/
Institute for Responsible Technology,,MIXED,X,http://responsibletechnology.org/
Thinking Mom’s Revolution,,LOW,X,http://thinkingmomsrevolution.com/
Jacobin,L,HIGH,,https://www.jacobinmag.com/
Hillary Beat Trump,,,S,http://www.hillarybeattrump.org/
Urban Institute,LC,HIGH,,http://www.urban.org/
Prntly,,,F,http://prntly.com/
Daily Liberator,R, MIXED,,http://www.thedailyliberator.com/
Liberty Courier,,,F,http://www.liberty-courier.com/
Pravda Report,L,MIXED,,http://www.pravdareport.com/
Wyoming Institute of Technology (WIT),,,S,http://witscience.org/
The Swedish Wire,C,HIGH,,http://www.swedishwire.com/
Conservative HQ,R,MIXED,,http://www.conservativehq.com/
Council for the National Interest,LC,HIGH,,http://www.councilforthenationalinterest.org/
Open the Government,C,HIGH,,http://www.openthegovernment.org/
DeathandTaxes,L,HIGH,,
Liberal Darkness,,,S,http://liberaldarkness.com/
Investigative Reporters and Editors,C,VERY HIGH,,https://www.ire.org/
Daily Currant,,,S,http://dailycurrant.com/
Cook Political Report,C,HIGH,,http://cookpolitical.com/
Tea Party News (TPNN),R,MIXED,,http://www.westernjournalism.com/thepoint/
Public Interest Legal Foundation,RC,HIGH,,https://publicinterestlegal.org/
Irish Independent,RC,HIGH,,http://www.independent.ie/
Mother Jones,L,HIGH,,http://www.motherjones.com/
History News Network,LC,HIGH,,http://historynewsnetwork.org/
Rense,,LOW,X,http://www.rense.com/
The Tab,LC,HIGH,,https://thetab.com/
Mises Daily,RC,MIXED,,https://mises.org/
Boing Boing,L,HIGH,,http://boingboing.net/
BB4SP,,,F,http://bb4sp.com/
USA Dose News,,,F,http://usadosenews.com/
SOFREP,RC,HIGH,,https://sofrep.com/
Hurriyet Daily News,LC,HIGH,,http://www.hurriyetdailynews.com/
Public Policy Polling (PPP),C,VERY HIGH,,http://www.publicpolicypolling.com/
National Rifle Association (NRA),R,MIXED,,https://home.nra.org/
Future in America,R,MIXED,,http://www.futureinamerica.com/news
Council on Foreign Relations,RC,HIGH,,http://www.cfr.org/
Free Wood Post,,,S,http://www.freewoodpost.com/
Waterford Whispers News,,,S,http://waterfordwhispersnews.com/
Knight Foundation,LC,HIGH,,http://www.knightfoundation.org/
USA News/States-TV,,,F,http://states-tv.com/
Red Flag News,R, MIXED,,http://www.redflagnews.com/
Inquisitr,LC,MIXED,,http://www.inquisitr.com/news/
Life and About,R,MIXED,,https://lifeandabout.com/
CNN,L,MIXED,,http://www.cnn.com/
Newsbud,,MIXED,X,https://www.newsbud.com/
In These Times,L,HIGH,,http://inthesetimes.com/
Counter Current News,,MIXED,X,http://countercurrentnews.com/
Illuminati News,,LOW,X,http://www.illuminati-news.com/
Newsday,LC,HIGH,,http://www.newsday.com/
Bulletin of the Atomic Scientists,C,VERY HIGH,,http://thebulletin.org/
NPR,LC,HIGH,,http://www.npr.org/sections/news/
Rewire,L,HIGH,,https://rewire.news/
Right Wing Watch,L,MIXED,,http://www.rightwingwatch.org/
OpEdNews (OEN),L,MIXED,,https://www.opednews.com/
Vessel News,R,MIXED,,http://vesselnews.io/
Global Times,LC,,,http://www.globaltimes.cn/
Portland Press-Herald,LC,HIGH,,http://www.pressherald.com/
16 WMPO,,,S,http://16wmpo.com/
Kansas City Star,LC,HIGH,,http://www.kansascity.com/
Resistance Report,,,F,http://resistancereport.com/
USA Politics Today,R,MIXED,,http://www.usapoliticstoday.com/
CBS News,LC,HIGH,,http://www.cbsnews.com/
Embols,,,F,http://embols.com/
Godlike Productions,,LOW,X,http://www.godlikeproductions.com/
Left Justified,LC,HIGH,,http://www.leftjustified.com/
San Jose Mercury News,LC,HIGH,,http://www.mercurynews.com/
The Independent Review,RC,HIGH,,http://www.independent.org/
All That’s Fab,L,MIXED,,http://www.allthatsfab.com/
Governing Magazine,LC,HIGH,,http://www.governing.com/
The Deplorables,,,F,http://lastdeplorables.com/
Flash News Corner,,,F,http://flashnewscorner.com/
Internet Chronicle,,,S,http://chronicle.su/
PutinTrump.org,LC,HIGH,,http://putintrump.org/
Life Site News,R,MIXED,,https://www.lifesitenews.com/
Monthly Review,LC,HIGH,,http://monthlyreview.org/
Turkey and Facts (Dogruluk Payi),C,VERY HIGH,,https://turkeyandfacts.com/
Toronto Star,LC,HIGH,,https://www.thestar.com/
East Bay Times,LC,HIGH,,http://www.eastbaytimes.com/
Lethbridge Herald,LC,HIGH,,http://lethbridgeherald.com/
Dead State,L,HIGH,,http://deadstate.org/
Awareness Act,,LOW,X,http://awarenessact.com/
Patheos,C,MIXED,,http://www.patheos.com/
Foreign Affairs,C,HIGH,,https://www.foreignaffairs.com/
FairVote,LC,HIGH,,http://www.fairvote.org/
Right Side News,,,F,http://www.rightsidenews.com/
Electronic Intifada,L,HIGH,,https://electronicintifada.net/
Anthropocene Magazine,C,VERY HIGH,,http://www.anthropocenemagazine.org/
South Front,,MIXED,X,https://southfront.org/
Sojourners (Soho),LC,HIGH,,https://sojo.net/
Raw Story,L,MIXED,,http://www.rawstory.com/
Snopes,C,HIGH,,http://www.snopes.com/
Israel Hayom,RC,HIGH,,http://www.israelhayom.com/site/today.php
Buzzfeed,LC,MIXED,,https://www.buzzfeed.com/news
MarketWatch,C,HIGH,,http://www.marketwatch.com/
Amplifying Glass,,,S,http://www.amplifyingglass.com/
The Intellectualist,L,HIGH,,https://theintellectualist.co/
Freedom Daily,,,F,http://freedomdaily.com/
JStor Daily,C,VERY HIGH,,http://daily.jstor.org/
Bellingcat,C, HIGH,,https://www.bellingcat.com/
CSC Mediagroup USA,R,MIXED,,http://www.cscmediagroupus.com/
Federalist Press,R,MIXED,,http://federalistpress.com/
Ahram Online,C,HIGH,,http://english.ahram.org.eg/
Quillette,RC,HIGH,,http://quillette.com/
Call the Cops,,,S,http://www.callthecops.net/
Reason,RC,HIGH,,http://reason.com/
The Rightists,,,F,http://therightists.com/
I Love Native Americans,,MIXED,X,http://ilovenativeamericans.us/
News Thump,,,S,http://newsthump.com/
New Politics Magazine,L,HIGH,,http://newpol.org/
Ballotpedia,C,VERY HIGH,,https://ballotpedia.org/Main_Page
Represent.us,C,HIGH,,https://represent.us/
Defund.com,,,F,http://defund.com/
Janes 360,C,HIGH,,http://www.janes.com/
ITV News,RC,HIGH,,http://www.itv.com/news/
The Jakarta Post,C,HIGH,,http://www.thejakartapost.com/
Thrive Movement,,LOW,X,http://www.thrivemovement.com/
Red State,R,MIXED,,http://www.redstate.com/
Chicago Reader,L,HIGH,,http://www.chicagoreader.com/
Family Research Council,,,F,http://www.frc.org/
The Rebel,R,MIXED,,http://www.therebel.media/
The Free Patriot,,,F,http://thefreepatriot.org/
The National (UAE),RC,HIGH,,http://www.thenational.ae/
The Daily Climate,LC,HIGH,,http://www.dailyclimate.org/
USA World Box,,,F,http://www.usaworldbox.com/
Proud Democrat,L,MIXED,,http://proudemocrat.com/
openDemocracy,LC,HIGH,,https://www.opendemocracy.net/
Brookings Institute,LC,VERY HIGH,,https://www.brookings.edu/
Earth First! Journal,L,MIXED,,http://earthfirstjournal.org/
Clear Politics,R,MIXED,,https://www.clear-politics.com/
Now the End Begins,,LOW,X,http://www.nowtheendbegins.com/
Learn Liberty,RC,HIGH,,http://www.learnliberty.org/
Anonymous,,LOW,X,http://www.anonews.co/
Plymouth Patriot Post,,,F,http://www.plymouthpatriotpost.com/
Stratfor,C,HIGH,,https://www.stratfor.com/
Gawken,,,S,https://gawken.com/
Sunlight Foundation,C,VERY HIGH,,http://sunlightfoundation.com/
Daily Press,RC,HIGH,,http://www.dailypress.com/
GQ Magazine,L,HIGH,,http://www.gq.com/
The Onion,,,S,http://www.theonion.com/
Vigilant Citizen,,LOW,X,http://vigilantcitizen.com/
Special Broadcasting Service (SBS),LC,HIGH,,http://www.sbs.com.au/
Earth Institute,C,HIGH,,http://earth.columbia.edu/sections/view/9
Hollywood Reporter,LC,HIGH,,http://www.hollywoodreporter.com/
Activist Post,,LOW,X,http://www.activistpost.com/
Newsweek,LC,HIGH,,http://www.newsweek.com/
Richmond Times-Dispatch,RC,HIGH,,http://www.richmond.com/
World Socialist Web Site,L,HIGH,,
Unbiased America,R, MIXED,,http://www.unbiasedamerica.com/
The Racket Report,,,S,http://theracketreport.com/
Albuquerque Journal,C, HIGH,,https://www.abqjournal.com/
Discovery Institute,,LOW,X,http://www.discovery.org/
Global Research,,MIXED,X,http://www.globalresearch.ca/
The Daily Wire,R,MIXED,,http://www.dailywire.com/
US Advisor,,,F,http://ushealthyadvisor.com/
Against Crony Capitalism,R,MIXED,,http://www.againstcronycapitalism.org/
The Common Sense Show,,LOW,X,http://www.thecommonsenseshow.com/
Christian Times Newspaper,,LOW,X,http://christiantimesnewspaper.com/
The Atlanta Banana,,,S,http://www.atlbanana.com/
The Tyee,LC,HIGH,,https://thetyee.ca/
Draining the Swamp,,,F,http://www.drainingtheswamp.info/
Spiegel Online,LC,HIGH,,http://www.spiegel.de/international/
Nos Comunicamos,,,F,http://noscomunicamos.com/
National Interest,RC,HIGH,,http://nationalinterest.org/
Human Events,R,MIXED,,http://humanevents.com/
Duh Progressives,,,S,http://duhprogressive.com/
Zero Hedge,,MIXED,X,http://www.zerohedge.com/
Deadline Hollywood,LC,HIGH,,http://deadline.com/
Thomson Reuters Foundation,LC,HIGH,,http://news.trust.org/
Proud Patriots,,,F,http://www.proud-patriots.com/
Tea Party Inc.,,,F,https://www.teaparty.org/
Russia Insider,RC,MIXED,,http://russia-insider.com/en
The American Mirror,,,F,http://theamericanmirror.com/
The Libertarian Republic,RC,HIGH,,http://thelibertarianrepublic.com/
Crosscut.com,LC,HIGH,,http://crosscut.com/
World Tribune,R,HIGH,,http://worldtribune.com/
Babylon Bee,,,S,http://babylonbee.com/
Christian Broadcasting Network (CBN),,MIXED,X,http://www1.cbn.com/
Health Impact News,,LOW,X,https://healthimpactnews.com/
Project on Government Oversight (POGO),C,VERY HIGH,,http://pogo.org/
Financial Express,C,HIGH,,http://www.financialexpress.com/
FiveThirtyEight,LC,HIGH,,https://fivethirtyeight.com/
American Thinker,R,MIXED,,http://www.americanthinker.com/
The Oslo Times,LC,HIGH,,http://www.theoslotimes.com/
Texas Tribune,C,HIGH,,https://www.texastribune.org/
Associated Press,C,VERY HIGH,,https://apnews.com/
Mad World News,,,F,http://madworldnews.com/
France24,LC,HIGH,,http://www.france24.com/en/
Secure America Now,R,MIXED,,http://www.secureamericanow.org/
Your News Wire,,MIXED,X,http://yournewswire.com/
Philadelphia Inquirer,LC,HIGH,,http://www.philly.com/inquirer/
Belfer Center for Science and International Affairs,C,HIGH,,http://www.belfercenter.org/
The Baffler,LC,HIGH,,https://thebaffler.com/
VivaLiberty,R,MIXED,,http://www.vivaliberty.com/
Veterans Today,,MIXED,X,http://www.veteranstoday.com/
Fortune Magazine,RC,HIGH,,http://fortune.com/
National Journal,C,HIGH,,https://www.nationaljournal.com/
USAFirstInfo,,,F,http://www.usafirstinformation.com/
Global News,LC,HIGH,,http://globalnews.ca/
Freethought Project,,MIXED,X,http://thefreethoughtproject.com/
News Chicken,,,F,http://newschicken.com/
Freedom Outpost,,,F,http://freedomoutpost.com/
Evonomics,L,HIGH,,http://evonomics.com/
The New American,R,MIXED,,http://www.thenewamerican.com/
The Militant,L,HIGH,,http://www.themilitant.com/
USA News/Politics USA News,,,F,http://politicsusanews.com/
The Trump Media,,,F,http://thetrumpmedia.com/
Conservative Tribune,,,F,http://conservativetribune.com/
Gulf News,RC,HIGH,,http://gulfnews.com/
TD Newswire,,,F,http://www.tdnewswire.com/
Center for the National Interest,RC,HIGH,,
Voice of America,C,HIGH,,http://www.voanews.com/
ABC News,LC,HIGH,,http://abcnews.go.com/
Cnn.com.de,,,F,http://cnn.com.de/
New Republic,L,HIGH,,https://newrepublic.com/
Political Critique,LC,High,,http://politicalcritique.org/
Government Accountability Institute,R,MIXED,,http://www.g-a-i.org/
The Dandy Goat,,,S,http://dandygoat.com/
Bipartisan Report,,,F,http://www.bipartisanreport.com/
The Anti-Media,,MIXED,X,http://theantimedia.org/
Private Eye,,,S,http://www.private-eye.co.uk/
San Diego Union Tribune,RC,HIGH,,http://www.sandiegouniontribune.com/
Global Info Today,,,F,http://globalinfotoday.com/
Daily Headlines,,,F,http://dailyheadlines.net/
MILO News (Milo Yiannopoulos),,,F,https://milo.yiannopoulos.net/
People Magazine,L,HIGH,,http://people.com/politics/
Conservative Daily Post,,,F,https://conservativedailypost.com/
Arizona Republic,RC,HIGH,,http://www.azcentral.com/
PINAC (Photography is not a Crime),L,HIGH,,https://photographyisnotacrime.com/
Mr. Conservative (MRC),,,F,https://www.mrcblog.com/
React 365,,,F,http://www.react365.com/
The American Cause,R,MIXED,,http://www.theamericancause.org/
The Tennessean,RC,HIGH,,http://www.tennessean.com/
GOPOPCALYPSE,L,MIXED,,http://www.gopocalypse.org/
MSNBC,L,MIXED,,
The Walrus,L,HIGH,,https://thewalrus.ca/
Foundation for Economic Education,RC,HIGH,,https://fee.org/
Sputnik News,RC,MIXED,,http://sputniknews.com/
Common Dreams,L,HIGH,,http://www.commondreams.org/
USA Daily Post,,,F,http://usadailypost.us/
Windsor Star,LC,HIGH,,http://windsorstar.com/
Institute for Creation Research (IRC),,LOW,X,http://www.icr.org/
USPOLN,,,S,http://uspoln.com
Twisted.News,,LOW,X,http://www.twisted.news/
New Left Review,LC,HIGH,,https://newleftreview.org/
USA Supreme,,,F,http://www.usasupreme.com/
International Center for Research on Women,LC,HIGH,,http://www.icrw.org/
Little Green Footballs.,L,MIXED,,http://littlegreenfootballs.com/
Herald-Sun (Australia),RC,HIGH,,http://www.heraldsun.com.au/
China Daily,C,HIGH,,http://www.chinadaily.com.cn/
Ring of Fire,L,HIGH,,https://trofire.com/
MLive (Michigan – Booth Newspapers),C,HIGH,,http://www.mlive.com/
The Oklahoman,RC,HIGH,,http://www.oklahoman.com/live
Chronicles of Democracy,L,HIGH,,http://www.chroniclesofdemocracy.com/
Christian Science Monitor,C,HIGH,,http://www.csmonitor.com/
The Week,LC,HIGH,,http://theweek.com/
Satira Tribune,,,S,http://www.satiratribune.com/
The Proud Liberal,,,F,http://theproudliberal.org/
New Roman Times,,,S,https://newromantimes.com/
Nevada County Scooper,,,S,https://www.ncscooper.com/
Washington Journal,C,HIGH,,https://www.c-span.org/WJ
Climate Depot,,MIXED,X,http://www.climatedepot.com/
Reverb Press,L,MIXED,,
The Smoking Gun,RC,HIGH,,http://www.thesmokinggun.com/
Gulag Bound,,LOW,X,http://gulagbound.com/
Controversial Times,R,MIXED,,http://controversialtimes.com/
Arab News,RC,HIGH,,http://www.arabnews.com/
National Post,RC,HIGH,,http://www.nationalpost.com/index.html
American Foreign Policy Council,RC,HIGH,,http://www.afpc.org/
Boston Herald,RC,HIGH,,http://www.bostonherald.com/
Sports Pickle,,,S,
The New Civil Rights Movement,L,MIXED,,http://www.thenewcivilrightsmovement.com/
The Daily Sheeple,,LOW,X,http://www.thedailysheeple.com/
The Courier-Mail,RC,HIGH,,http://www.couriermail.com.au/
Citizens United,R,MIXED,,http://citizensunited.org/index.aspx
City Journal,R,HIGH,,http://www.city-journal.org/
New American News,,MIXED,X,http://newamericannews.com/
Vox,L,HIGH,,http://www.vox.com/
United Federation of Teachers (UFT),LC,HIGH,,http://www.uft.org/
Tribune UK,L,HIGH,,http://www.tribunemagazine.org/
Journal of Politics and Society,LC,HIGH,,http://www.helvidius.org/
Whale.to,,LOW,X,http://whale.to/
NHK World,C,HIGH,,https://www3.nhk.or.jp/nhkworld/
News Rescue,RC,HIGH,,http://newsrescue.com/
Liberty Writers News,,,F,http://www.libertywritersnews.com/
Addicting Info,L,MIXED,,http://www.addictinginfo.org/
Truth Bang,,,S,http://truthbang.net/
Ancient Code,,MIXED,X,http://www.ancient-code.com/
Evening Harold,,,S,http://eveningharold.com/
Oregonian,RC,HIGH,,http://www.oregonlive.com/#/0
STAT (News),C,HIGH,,https://www.statnews.com/
Jewish World Review,R,MIXED,,http://www.jewishworldreview.com/
Politico,LC,HIGH,,http://www.politico.com/
PJ Media,R,MIXED,,https://pjmedia.com/
The Diplomat Magazine,C,HIGH,,http://thediplomat.com/
Alt Health Works,,LOW,X,http://althealthworks.com/
TheJournal.ie,C,HIGH,,http://www.thejournal.ie/
Financial Post,RC,HIGH,,http://www.financialpost.com/
Alabama Observer,,,F,http://alabamaobserver.com/
ENH Live,,,F,http://www.enhlive.com/
Clarion Project,,,F,https://clarionproject.org/
American News X,L,MIXED,,http://americannewsx.com/
Big Government News,R,MIXED,,http://biggovernment.news/index.html
Real News Right Now,,,S,http://realnewsrightnow.com/
News24 (South Africa),,HIGH,,
Weekly Standard,R,HIGH,,http://www.weeklystandard.com/
Staten Island Advance,LC,HIGH,,http://www.silive.com/
Wall Street on Parade,LC,HIGH,,http://wallstreetonparade.com/
Pink News,L,HIGH,,http://www.pinknews.co.uk/home/
Modern Liberals,L,MIXED,,http://modernliberals.com/
Wired Magazine,LC,HIGH,,https://www.wired.com/
Peninsula Daily News,RC,HIGH,,http://www.peninsuladailynews.com/
ABC News Australia,C,HIGH,,http://www.abc.net.au/news/
Legal Insurrection,R,MIXED,,http://legalinsurrection.com/
Natural News,,MIXED,X,http://www.naturalnews.com/
GoodGopher,,,F,http://www.goodgopher.com/
U.S. Herald,,,F,http://usherald.com/
Opposing Views,LC,HIGH,,http://www.opposingviews.com/
The Event Chronicle,,LOW,X,http://www.theeventchronicle.com/
AM New York,LC,HIGH,,http://www.amny.com/
Christian Post,R,MIXED,,http://www.christianpost.com/
The Angry Patriot,,,F,http://www.angrypatriotmovement.com/
New Moderate,LC,,,https://newmoderate.com/
Skeptiko,,LOW,X,http://www.skeptiko.com/
Freedomain Radio,,MIXED,X,https://freedomainradio.com/
Winning Democrats,,,F,http://winningdemocrats.com/
U.S. Chronicle,,,F,http://www.uschronicle.com/
Now,,,F,http://www.tmn.today/
Nation of Change,L,MIXED,,http://www.nationofchange.org/
The Skimm,C,HIGH,,http://www.theskimm.com/
Times-Colonist,LC,HIGH,,http://www.timescolonist.com/
Conflict News,C,HIGH,,http://www.conflict-news.com/
The Nation,L,HIGH,,https://www.thenation.com/
The Fucking News,L,HIGH,,
Charleston Gazette-Mail,LC,HIGH,,http://www.wvgazettemail.com/
Poynter Institute,C,VERY HIGH,,http://www.poynter.org/
Center For Strategic and International Studies,C,VERY HIGH,,https://www.csis.org/
The Ron Paul Institute,R,MIXED,,http://www.ronpaulinstitute.org/
Clickhole,,,S,http://www.clickhole.com/
Sheep Killers,,LOW,X,http://www.sheepkillers.com/
Communities Digital News,RC,HIGH,,http://www.commdiginews.com/
BackChannel,LC,VERY HIGH,,https://backchannel.com/
Brief.News,C,HIGH,,http://www.brief.news/
1600 Daily,R,MIXED,,https://www.whitehouse.gov/1600daily
Weasel Zippers,R,MIXED,,http://www.weaselzippers.us/
TruthFeed,,,F,http://truthfeed.com/
Center on Budget and Policy Priorities,LC,HIGH,,http://www.cbpp.org/
Upworthy,L,HIGH,,https://www.upworthy.com/
Edmonton Journal,LC,HIGH,,http://edmontonjournal.com/
TVW Washington State,C,HIGH,,http://www.tvw.org/
The Jamestown Foundation,RC,HIGH,,http://www.jamestown.org/
Bizpac Review,R,MIXED,,http://www.bizpacreview.com/
Viral Liberty,,,F,http://viralliberty.com/
News Biscuit,,,S,http://www.newsbiscuit.com/
Factcheck.org,C,VERY HIGH,,http://www.factcheck.org/
Democratic Moms,,,F,http://democraticmoms.com/
Independent Sentinel,R,HIGH,,http://www.independentsentinel.com/
Center for Media and Democracy (PR Watch),L,HIGH,,http://www.prwatch.org/cmd
American News,,,F,http://americannews.com/
Conservative Info Corner,,,F,https://www.conservativeinfocorner.us/
HL12,,LOW,X,https://breakthrough.holylandnutrition.com/
Politicususa,L,HIGH,,http://www.politicususa.com/
The Right Stuff,,,F,http://therightstuff.biz/
The Mind Unleashed,,LOW,X,http://themindunleashed.org/
FactsCan,C,VERY HIGH,,http://factscan.ca/
Girls Just Wanna Have Guns,,,F,http://girlsjustwannahaveguns.com/
Time,LC,HIGH,,http://time.com/
Black Agenda Report,L,HIGH,,http://blackagendareport.com/
Reporters Lab,C,VERY HIGH,,http://reporterslab.org/
NoDisInfo,,LOW,X,http://nodisinfo.com/
Greenpeace,,MIXED,X,http://www.greenpeace.org/usa/
The Horn News,,,F,https://thehornnews.com/
We Are The Mighty,C,HIGH,,http://www.wearethemighty.com/
Morning Consult,LC,HIGH,,https://morningconsult.com/
Las Vegas Review Journal,RC,HIGH,,http://www.reviewjournal.com/
Credo Action,LC,HIGH,,http://credoaction.com/
GoodNewsNetwork,C,HIGH,,http://www.goodnewsnetwork.org/
CNBC,LC,HIGH,,http://www.cnbc.com/
Jews News,,LOW,X,http://www.jewsnews.co.il/
Judicial Watch,R,MIXED,,http://www.judicialwatch.org/
Modern Alternative Mama,,MIXED,X,http://www.modernalternativemama.com/
Teddy Stick,,,F,https://teddystick.com/
Dallas Voice,L,HIGH,,http://www.dallasvoice.com/
KUOW NPR,LC,HIGH,,http://kuow.org/
Topinfo Post,,LOW,X,http://www.topinfopost.com/
Silence is Consent,R,MIXED,,http://silenceisconsent.net/
The Underground Report,,,S,http://undergroundnewsreport.com/
CBC News,LC,HIGH,,http://www.cbc.ca/news
Rare,RC,HIGH,,
New Bern Sun Journal,C,HIGH,,http://www.newbernsj.com/
Newbusters,R,MIXED,,http://www.newsbusters.org/
Hoax Slayer,C,VERY HIGH,,http://www.hoax-slayer.com/
Rock City Times,,,S,http://www.rockcitytimes.com/
Liberal Examiner,L,MIXED,,https://www.liberalexaminer.com/
Ara News,LC,HIGH,,http://aranews.net/
Peterson Institute for International Economics (PIIE),C,HIGH,,https://piie.com/
South Florida Sun-Sentinel,RC,HIGH,,http://www.sun-sentinel.com/
Economy in Crisis,L,MIXED,,http://economyincrisis.org/
Watchdog.org,RC,MIXED,,http://watchdog.org/
Vancouver Sun,LC,HIGH,,http://vancouversun.com/
Paste Magazine,L,HIGH,,https://www.pastemagazine.com/
We Are Change,,MIXED,X,http://wearechange.org/
Scoopwhoop,LC,MIXED,,https://www.scoopwhoop.com
Cream BMP,,,S,http://creambmp.com/
Tallahassee Democrat,RC,HIGH,,http://www.tallahassee.com/
The Blue Route,L,MIXED,,http://www.blue-route.org/blog/
Novinite,C,HIGH,,http://www.novinite.com/
Medium,LC,MIXED,,https://medium.com/
Duffel Blog,,,S,http://www.duffelblog.com/
Stilton’s Place,,,S,http://stiltonsplace.blogspot.com/
Data Asylum,,LOW,X,http://www.dataasylum.com/index.html
Daily Stormer,,,F,http://www.dailystormer.com/
Spinzon,,,F,http://spinzon.com/
Sky News,LC,HIGH,,http://news.sky.com/
Defense One,C,HIGH,,http://www.defenseone.com/
Ron Paul Liberty Report,R,MIXED,,http://www.ronpaullibertyreport.com/
WikiLeaks,RC,HIGH,,https://www.wikileaks.org/
Resistance Media,R, MIXED,,http://www.resistancemedia.org/
Shareblue,L,MIXED,,http://shareblue.com/
The West Australian,RC,HIGH,,https://thewest.com.au/
Syrian Observatory for Human Rights (SOHR),LC,HIGH,,http://www.syriahr.com/en/
Naked Capitalism,RC,HIGH,,http://www.nakedcapitalism.com/
Groopspeak,L,MIXED,,http://news.groopspeak.com/
Vote Smart,C,HIGH,,http://votesmart.org/
Live Action,,MIXED,X,https://liveaction.org/
DW News (Deutsche Welle),LC,HIGH,,http://www.dw.com/en/top-stories/s-9097
Family Security Matters,R,MIXED,,http://www.familysecuritymatters.org/
Bare Naked Islam,,,F,
Move On,L,MIXED,,http://front.moveon.org/
Lawfare Blog,LC,HIGH,,https://www.lawfareblog.com/
World News Politics,,,F,https://www.worldnewspolitics.com/
GOP.com,R,MIXED,,https://www.gop.com/
Lady Liberty News,,,F,http://ladylibertysnews.com/
Friends of Science,,MIXED,X,https://friendsofscience.org/
Kaiser Family Foundation,C,HIGH,,http://kff.org/
Daily Express,R,HIGH,,http://www.express.co.uk/
Spokesman-Review,RC,HIGH,,http://www.spokesman.com/
Science Vibe,,MIXED,X,http://sciencevibe.com/
The Journal News,LC,HIGH,,http://www.lohud.com/
Vidmax,,,F,http://vidmax.com/
Molon Labe Media,,,F,http://www.molonlabemedia.com/
New Matilda,LC,HIGH,,https://newmatilda.com/
Liveleak,LC,HIGH,,https://www.liveleak.com/
Deseret News,RC,HIGH,,http://www.deseretnews.com/
News Feed Hunter,,,F,http://newsfeedhunter.com/
San Francisco Chronicle,LC,HIGH,,http://www.sfchronicle.com/
Government Executive,C,HIGH,,http://www.govexec.com/
True Activist,,,F,http://www.trueactivist.com/
Jew Watch,,,F,http://jewwatch.com/
Places Journal,C,VERY HIGH,,https://placesjournal.org/
Moving Left,,,F,http://movingleft.com/
SooToday.com,LC,HIGH,,https://www.sootoday.com/
Orlando Sentinel,RC,HIGH,,http://www.orlandosentinel.com/
En Volve,,,F,http://en-volve.com/
Change.org,L,HIGH,,https://www.change.org/
Twitchy,R,MIXED,,http://twitchy.com/
Disobedient Media,R,HIGH,,http://disobedientmedia.com/
LoonWatch,,,F,http://www.loonwatch.com/
Greenville Gazette,L,HIGH,,http://www.greenvillegazette.com/
Newsy,LC,HIGH,,http://www.newsy.com/
Uproxx,L,HIGH,,http://uproxx.com/
The Forbidden Knowledge,,LOW,X,http://www.theforbiddenknowledge.com/
Lark News,,,S,http://www.larknews.com/
Ace Flashman,,,S,https://aceflashman.wordpress.com/
USAFacts,C,VERY HIGH,,http://www.usafacts.org/
Allen B. West,R,MIXED,,http://www.allenbwest.com/
Global Post,LC,HIGH,,http://www.pri.org/programs/globalpost
Daily Mail,R,MIXED,,http://www.dailymail.co.uk/ushome/index.html
The Real Strategy,R,MIXED,,https://therealstrategy.com/
State of the Nation 2012,,,F,http://stateofthenation2012.com/
Reuters,C,VERY HIGH,,http://www.reuters.com/
The Globe and Mail (Toronto),LC,HIGH,,http://www.theglobeandmail.com/
The Humanist Magazine,C,HIGH,,https://thehumanist.com/
Canadian Dimension,L,HIGH,,https://canadiandimension.com/
Agerpres,C,HIGH,,https://www.agerpres.ro/english
New Nation News,,,F,http://www.newnation.org/
Ms. (Magazine),L,HIGH,,http://www.msmagazine.com/
CTV News,LC,HIGH,,http://www.ctvnews.ca/
The Irish Times,LC,HIGH,,http://www.irishtimes.com/
Nap-Sack,L,MIXED,,http://nap-sack.org/
Newslo,,,S,http://politicops.com/
Human Progress,RC,MIXED,,http://humanprogress.org/
USA Daily Time,,,F,http://usadailytime.com/
Houston Chronicle,LC,HIGH,,
Web Daily,,,F,https://www.webdaily.com/
Just Facts Daily,RC,HIGH,,http://www.justfactsdaily.com/
Die Hard Democrat,L,HIGH,,http://dieharddemocrat.com/
Wikispooks,,MIXED,X,https://wikispooks.com/wiki/Main_Page
Learn Progress,,,F,http://www.learnprogress.org/
Inside Higher Ed,LC,HIGH,,https://www.insidehighered.com/
Detroit News,RC,HIGH,,http://www.detroitnews.com/
Democratic Review,,,F,http://democraticreview.com/
Redoubt News,,MIXED,X,
Alternet,L,MIXED,,http://www.alternet.org/
70 News,,,F,https://70news.wordpress.com/
True Trumpers,,,F,http://truetrumpers.com/
Democracy Now,L,HIGH,,http://www.democracynow.org/
Toronto Sun,R,HIGH,,http://www.torontosun.com/
Politichicks,R,MIXED,,http://politichicks.com/
Hindu Business Line,RC,HIGH,,http://www.thehindubusinessline.com/
US News World Report,LC,HIGH,,http://www.usnews.com/
Columbus Dispatch,RC,HIGH,,http://www.dispatch.com/
Christwire,,,S,http://christwire.org/
Red People,,,F,http://www.redpeople.us/
Federalist Nation,,,F,http://www.federalistnation.com/
Washington Blade,LC,HIGH,,http://www.washingtonblade.com/
Inequality Media,L,HIGH,,https://www.inequalitymedia.org/
CbsNews.com.co,,,F,http://cbsnews.com.co/
Fifth Estate,L,HIGH,,https://www.fifthestate.org/
To Inform is to Influence,LC,HIGH,,https://toinformistoinfluence.com/
Task and Purpose,C,HIGH,,http://taskandpurpose.com/
Truth In Media,R,MIXED,,http://truthinmedia.com/
Liberation News,L,HIGH,,https://www.liberationnews.org/
Acting Man,R,MIXED,,http://www.acting-man.com/
American Freedom Fighters,,,F,http://www.americasfreedomfighters.com/
Waterbury Republican-American,RC,HIGH,,http://www.rep-am.com/
The Political Tribune,,,F,http://www.thepoliticaltribune.com/
Food Babe,,,X,http://foodbabe.com/
The American Prospect,L,HIGH,,http://prospect.org/
National Newswatch (Canada),LC,HIGH,,http://www.nationalnewswatch.com/
The Bureau of Investigative Journalism,C,HIGH,,https://www.thebureauinvestigates.com/
Being Libertarian,R, HIGH,,https://beinglibertarian.com/
Pew Research,C,VERY HIGH,,http://www.pewresearch.org/
Louder with Crowder,R,MIXED,,http://louderwithcrowder.com/
Bangkok Post,C,HIGH,,http://www.bangkokpost.com/
Supreme Patriot,,,F,http://supremepatriot.com/
Reveal – Center for Investigative Journalism,LC,,,https://www.revealnews.org/
Fairness & Accuracy in Reporting (FAIR),LC,HIGH,,http://fair.org/
Tribunist,R,MIXED,,http://tribunist.com/
Truth Channel Politics,,LOW,X,http://truthchannelpolitics.com/
Full Fact (UK),C,VERY HIGH,,https://fullfact.org/
National Bureau of Economic Research (NBER),C,HIGH,,http://www.nber.org/
Judicial Crisis Network,R,MIXED,,https://judicialnetwork.com/
Joint Center for Political and Economic Studies,LC,HIGH,,http://jointcenter.org/
The US Patriot,,,F,http://theuspatriot.com/
Global Skywatch,,LOW,X,http://www.globalskywatch.com/
Amandla,L,HIGH,,http://aidc.org.za/amandla-media/
CCTV America,LC,HIGH,,http://www.cctv-america.com/
TdtAlliance.com,,,F,https://www.tdtalliance.com/
The Canary (UK),L,HIGH,,http://www.thecanary.co/
WNYC,LC,HIGH,,http://www.wnyc.org/
Federalist Tribune,,,F,https://www.federalisttribune.com
The Daily News UK,,,S,
Chronicles (Rockford Institute),R,MIXED,,https://www.chroniclesmagazine.org/
Departed (Maganews.com),,,F,http://trumpers.online/
Informed Owners,,,F,http://informedowners.com/
CrimethInc,L,HIGH,,https://crimethinc.com/
The Washington Feed,,,F,http://washingtonfeed.com/
American Bridge 21st Century,L,MIXED,,https://americanbridgepac.org/
Power Line,R,HIGH,,http://www.powerlineblog.com/
International Crisis Group,LC,HIGH,,https://www.crisisgroup.org/
The Morning Star,L,HIGH,,http://www.morningstaronline.co.uk/
The Daily Mash,,,S,http://www.thedailymash.co.uk/
American Flavor,,,F,http://americanflavor.news/
Fresh News – USA,,,F,http://theusa-news.com/
Liberal America,L,MIXED,,http://www.liberalamerica.org/
The Forward,,,,
The Daily Buzz,L,HIGH,,http://the-daily.buzz/
Committee to Protect Journalists,C,VERY HIGH,,https://www.cpj.org/
Edmonton Sun,RC,HIGH,,http://www.edmontonsun.com/
People for the Ethical Treatment of Animals (PETA),,MIXED,X,http://www.peta.org/
Sure News,,,F,http://www.surenews.com/
Blue Lives Matter,R,HIGH,,http://bluelivesmatter.blue/
Backed by Fact,L,HIGH,,http://backedbyfact.com/
Daily Surge,R,MIXED,,http://dailysurge.com/
The Daily Telegraph (Australia),R,MIXED,,http://www.dailytelegraph.com.au/
Huffington Post,L,HIGH ,,http://www.huffingtonpost.com/
Watts Up with That,,LOW,X,https://wattsupwiththat.com/
Oil and Water Don’t Mix,LC,HIGH,,http://www.oilandwaterdontmix.org/
USA Today,C,HIGH,,http://www.usatoday.com/
Higgins News Network,,MIXED,X,http://alexanderhiggins.com/
Times of Israel,LC,HIGH,,http://www.timesofisrael.com/
Liberal Plug,,,F,http://liberalplug.com/
The Root,L,HIGH,,http://www.theroot.com/
American Intelligence Report,,MIXED,X,http://americanintelligencereport.com/
Boy Genius Report (BGR),LC,HIGH,,http://bgr.com/
Policy Review,R,HIGH,,http://www.hoover.org/publications/policy-review
Truth Broadcasting Network,,LOW,X,http://truthbroadcastnetwork.com/
Atlantic Media,LC,HIGH,,http://www.atlanticmedia.com/
Black Lives Matter,L,HIGH,,http://blacklivesmatter.com/
New York Observer,R,MIXED,,http://observer.com/
Engadget,LC,HIGH,,https://www.engadget.com/
Not Allowed To,,,S,http://notallowedto.com/
Real Clear Investigations,RC,HIGH,,http://www.realclearinvestigations.com/
Russian News Agency-TASS,RC,HIGH,,http://tass.com/
Hot Air,R,HIGH,,http://hotair.com/
Red State Watcher,R,HIGH,,http://redstatewatcher.com/
Atlantic Council,C,HIGH,,http://www.atlanticcouncil.org/
Florida Sun-Post,,,F,http://www.floridasunpost.com/
Reductress,,,S,http://reductress.com/
Political Blind Spot,,LOW,X,http://politicalblindspot.com/
Newsmax,R,MIXED,,http://www.newsmax.com/
OneNewsNow,R,MIXED,,http://www.onenewsnow.com/
The Stream,,MIXED,X,https://stream.org/
Truth Out,L,MIXED,,http://www.truth-out.org/
Knox Report,R,MIXED,,http://knoxreport.com/
Towleroad,L,MIXED,,http://www.towleroad.com/
Bluestem Prairie,LC,HIGH,,http://www.bluestemprairie.com/
The Fifth Column,LC,MIXED,,http://thefifthcolumnnews.com/
Clash Daily,,,F,http://clashdaily.com/
PunchingBag Post,RC,HIGH,,http://punchingbagpost.com/
Daily Beast,L,HIGH,,http://www.thedailybeast.com/
LGBTQ Nation,L,HIGH,,http://www.lgbtqnation.com/
Above the Law,LC,HIGH,,http://abovethelaw.com/
Truthdig,L,HIGH,,http://www.truthdig.com/
USA Television,,,F,http://usa-television.com/
Storm Clouds Gathering,,LOW,X,http://stormcloudsgathering.com/
Tharawat Magazine,RC,,,http://www.tharawat-magazine.com/#gs.a9CcWpc
The Controversial Files,,LOW,X,http://www.thecontroversialfiles.net/
Washington Post,LC,HIGH,,https://www.washingtonpost.com/
Today Dispatch,,,F,http://todaydispatch.com/
Jezebel,L,MIXED,,http://jezebel.com/
The Seattle Tribune,,,S,http://theseattletribune.com/
The Fake News Codex,C,HIGH,,http://www.fakenewscodex.com/
Washington Free Beacon,R,MIXED,,http://freebeacon.com/
Federal Times,C,HIGH,,http://www.federaltimes.com/
Clean Technica,LC,VERY HIGH,,https://cleantechnica.com/
United Press International (UPI),C,HIGH,,http://www.upi.com/
War on the Rocks,C,HIGH,,http://warontherocks.com/
NewsLogue,L,MIXED,,http://www.newslogue.com/
Burrard Street Journal,,,S,http://www.burrardstreetjournal.com/
Jookos News,,,F,http://www.jookos.com/
International Business Times,C,HIGH,,http://www.ibtimes.com/
Fact and Logic about the Middle East (FLAME),R, MIXED,,http://factsandlogic.org/
ViralActions,,,S,
Honolulu Star-Advertiser,LC,HIGH,,http://www.staradvertiser.com/
Mint Press News,LC,HIGH,,http://www.mintpressnews.com/
Information Liberation,,,F,http://www.informationliberation.com/
Family Survival Headlines,,LOW,X,http://familysurvivalheadlines.com/
Fact/Myth,LC,HIGH,,http://factmyth.com/
Liberals Unite (Samuel Warde),L,MIXED,,http://samuel-warde.com/
Big Blue Vision,,,F,http://bigbluevision.org/
Sunday Sport,,,S,http://www.sundaysportonline.co.uk/
Harvard Political Review,C,HIGH,,http://harvardpolitics.com/
The Liberty Beacon,,LOW,X,http://www.thelibertybeacon.com/
Huzlers,,,S,http://huzlers.com/
Media Zone,,,F,http://www.mediazone.news/
The American Conservative,RC,HIGH,,http://www.theamericanconservative.com/
The Nation Institute,,,,
Opposition Report,,,F,http://oppositionreport.com
Progress Tribune,,,F,http://progresstribune.com/
Alternative Media Television (AMTV),,LOW,X,http://www.amtvmedia.com/
The Observer,LC,HIGH,,https://www.theguardian.com/observer
Countdown to Zerotime,,LOW,X,http://countdowntozerotime.com/
Downtrend,,,F,http://downtrend.com/
Salem Radio Network News (SRN News),RC,HIGH,,http://www.srnnews.com/
Right Smarts,,,F,http://rightsmarts.com/
The Gateway Pundit,,,F,http://www.thegatewaypundit.com/
Conservative Spirit,,,F,http://conservativespirit.com/
Age of Shitlords,,,F,https://ageofshitlords.com/
USA News for You,,,F,http://usanews4u.us/
Adobo Chronicles,,,S,https://adobochronicles.com/
Truth Monitor,,,F,https://www.truthmonitor.com/
The American Interest,RC,HIGH,,http://www.the-american-interest.com/
Dutch Daily News,LC,HIGH,,http://www.dutchdailynews.com/
FedsAlert,,,S,http://fedsalert.com/
Sign of the Times,,MIXED,X,https://www.sott.net/
Better Government Association,C,HIGH,,http://www.bettergov.org/
